rate_word,generated,accepted,dropped,backlog_end,duration_s,accepted_per_s
0x0100,31278,31278,0,0,0.001280000,24435937.500
0x0200,62617,62617,0,0,0.001280000,48919531.250
0x0400,125129,125129,0,0,0.001280000,97757031.250
0x0800,249970,175000,0,74970,0.001280000,136718750.000
0x1000,499719,175000,0,324719,0.001280000,136718750.000
0x2000,999196,175000,0,824196,0.001280000,136718750.000
0x4000,1599981,175000,0,1424981,0.001280000,136718750.000
0x8000,1599979,175000,0,1424979,0.001280000,136718750.000
